GB/GF,Service Line,Organisation Level 8,Assignment Group,Month Year,Change Reference SN,Change Reference GSD,CR Processing Hurdle,Associated Diff Types,ICE CR Link,CR Category,Lead Time To Deploy (Days),Lead Time To Deploy (Numeric Days),CR First Commit URL,CR First Commit Time,CR Last Commit Time,Code Successfully in Production,Planned End Date,Planned End Time,Close Date,Close Time,Actual End Date,Actual End Time,# Eligible CRs,# Source Code Diff URLs,# LTTDs - Current Month
CIB & HBEU Technology,Wholesale Technology,WS Global Payment Solutions,HTSA-PCD-ADV,Jan-24,CHG2624046,-,8,github,https://ice.it.global.hsbc/ice/changes/CHG2624046,Software,500.3666667,500,https://alm-github.systems.uk.hsbc,44798.25843,44798.30652,45298.625,07-Jan-24,15:00:00 TT,15-Jan-24,16:00:59 TT,08-Jan-24,4:45:10 TT,1,1,1 (DELETED) PGLCM Receivables -
CIB & HBEU Technology,Wholesale Technology,WS Global Payment Solutions,HTSA-GLCM-PI,Jan-24,CHG0828920,CR6387491,8,github,https://ice.it.global.hsbc/ice/changes/CHG0828920,Software,88.86805556,89,https://alm-github.systems.uk.hsbc,44863.375,44866.33287,45313.8333,21-Jan-24,20:00:00 TT,29-Jan-24,4:00:00 TT,01-Feb-24,3:37:34 TT,1,1,1 (DELETED) PGLCM Receivables -
CIB & HBEU Technology,Wholesale Technology,WS Global Payment Solutions,HTSA-PCD-DCMS,Jan-24,CHG2712243,-,8,github,https://ice.it.global.hsbc/ice/changes/CHG2712243,Software,306.3611111,306,https://alm-github.systems.uk.hsbc,45224.14583,45233.10796,45288.1042,22-Jan-24,20:00:00 TT,29-Jan-24,4:00:00 TT,01-Feb-24,1:54:44 TT,1,1,1 DOME Omni Collect US
CIB & HBEU Technology,Wholesale Technology,WS Global Payment Solutions,HTSA-PAYMENTS-API,Jan-24,CHG2638770,-,8,github,https://ice.it.global.hsbc/ice/changes/CHG2638770,Software,46.13657407,46,https://alm-github.systems.uk.hsbc,45257.42542,45257.42542,45319.625,28-Jan-24,15:00:00 TT,05-Feb-24,4:00:00 TT,08-Feb-24,3:37:34 TT,1,1,1 (DELETED) PGLCM Receivables -
CIB & HBEU Technology,Wholesale Technology,WS Global Payment Solutions,HTSA-PCD-ADV,Jan-24,CHG3404850,-,8,github,https://ice.it.global.hsbc/ice/changes/CHG6261170,Software,66.18977,432,https://alm-github.systems.uk.hsbc,45253.73137,44917.57905,45032.9168,19-Jan-24,19:00:00 TT,24-Jan-24,8:00:00 TT,21-Jan-24,0:7:21 TT,1,1,1 (DELETED) PGLCM Receivables -
CIB & HBEU Technology,Wholesale Technology,WS Global Payment Solutions,HTSA-PCD-DCMS,Jan-24,CHG9431692,-,8,github,https://ice.it.global.hsbc/ice/changes/CHG4239923,Software,131.227506,47,https://alm-github.systems.uk.hsbc,45032.54921,44901.88977,44928.64587,22-Jan-24,3:00:00 TT,27-Jan-24,9:00:00 TT,22-Jan-24,4:27:5 TT,1,1,1 POL SOUL
CIB & HBEU Technology,Wholesale Technology,WS Global Payment Solutions,HTSA-PCD-DCMS,Jan-24,CHG2161814,-,8,github,https://ice.it.global.hsbc/ice/changes/CHG4352280,Software,40.95959,52,https://alm-github.systems.uk.hsbc,44773.52244,45043.87737,45236.92103,16-Feb-24,10:00:00 TT,21-Feb-24,17:00:00 TT,17-Feb-24,6:41:3 TT,1,1,1 POL SOUL
CIB & HBEU Technology,Wholesale Technology,WS Global Payment Solutions,HTSA-PCD-ADV,Jan-24,CHG9535803,-,8,github,https://ice.it.global.hsbc/ice/changes/CHG1211359,Software,121.970509,104,https://alm-github.systems.uk.hsbc,44968.03965,45237.25251,44785.44771,08-Jan-24,2:00:00 TT,13-Jan-24,18:00:00 TT,08-Jan-24,13:37:33 TT,1,1,1 POL SOUL
CIB & HBEU Technology,Wholesale Technology,WS Global Payment Solutions,HTSA-PCD-DCMS,Jan-24,CHG5432865,-,8,github,https://ice.it.global.hsbc/ice/changes/CHG7951436,Software,86.856404,406,https://alm-github.systems.uk.hsbc,44727.48022,44959.52383,45110.17683,31-Jan-24,3:00:00 TT,05-Feb-24,16:00:00 TT,03-Feb-24,2:8:9 TT,1,1,1 DOME Omni Collect US
CIB & HBEU Technology,Wholesale Technology,WS Global Payment Solutions,HTSA-PAYMENTS-API,Jan-24,CHG4931076,-,8,github,https://ice.it.global.hsbc/ice/changes/CHG5895746,Software,497.337355,102,https://alm-github.systems.uk.hsbc,45250.43601,45219.83681,45248.17301,12-Feb-24,0:00:00 TT,17-Feb-24,10:00:00 TT,19-Feb-24,17:29:59 TT,1,1,1 DOME Omni Collect US
CIB & HBEU Technology,Wholesale Technology,WS Global Payment Solutions,HTSA-PCD-ADV,Jan-24,CHG8937218,-,8,github,https://ice.it.global.hsbc/ice/changes/CHG1654013,Software,358.7862,298,https://alm-github.systems.uk.hsbc,44722.85596,44797.88421,44987.13352,06-Feb-24,23:00:00 TT,11-Feb-24,10:00:00 TT,08-Feb-24,8:28:25 TT,1,1,1 POL SOUL
CIB & HBEU Technology,Wholesale Technology,WS Global Payment Solutions,HTSA-PCD-DCMS,Jan-24,CHG1336075,-,8,github,https://ice.it.global.hsbc/ice/changes/CHG6761139,Software,322.078573,368,https://alm-github.systems.uk.hsbc,45029.70876,44709.14872,44803.84865,10-Jan-24,6:00:00 TT,15-Jan-24,19:00:00 TT,16-Jan-24,6:34:27 TT,1,1,1 (DELETED) PGLCM Receivables -
CIB & HBEU Technology,Wholesale Technology,WS Global Payment Solutions,HTSA-PCD-DCMS,Jan-24,CHG2334431,-,8,github,https://ice.it.global.hsbc/ice/changes/CHG7136992,Software,416.7841,359,https://alm-github.systems.uk.hsbc,44711.40968,44997.78216,45101.05543,30-Jan-24,1:00:00 TT,04-Feb-24,4:00:00 TT,30-Jan-24,18:56:7 TT,1,1,1 POL SOUL
CIB & HBEU Technology,Wholesale Technology,WS Global Payment Solutions,HTSA-PAYMENTS-API,Jan-24,CHG2481666,-,8,github,https://ice.it.global.hsbc/ice/changes/CHG6203810,Software,183.289817,108,https://alm-github.systems.uk.hsbc,45121.64919,45280.98878,44776.21172,14-Jan-24,9:00:00 TT,19-Jan-24,6:00:00 TT,14-Jan-24,3:32:55 TT,1,1,1 DOME Omni Collect US
CIB & HBEU Technology,Wholesale Technology,WS Global Payment Solutions,HTSA-PCD-ADV,Jan-24,CHG5446052,-,8,github,https://ice.it.global.hsbc/ice/changes/CHG9425617,Software,185.976528,311,https://alm-github.systems.uk.hsbc,45293.58732,45200.92951,45101.25817,27-Jan-24,1:00:00 TT,01-Feb-24,10:00:00 TT,30-Jan-24,13:4:33 TT,1,1,1 (DELETED) PGLCM Receivables -
CIB & HBEU Technology,Wholesale Technology,WS Global Payment Solutions,HTSA-PAYMENTS-API,Jan-24,CHG5501970,-,8,github,https://ice.it.global.hsbc/ice/changes/CHG8412972,Software,483.907564,43,https://alm-github.systems.uk.hsbc,44751.95252,44824.17303,45199.48176,04-Jan-24,3:00:00 TT,09-Jan-24,9:00:00 TT,08-Jan-24,3:16:46 TT,1,1,1 DOME Omni Collect US
CIB & HBEU Technology,Wholesale Technology,WS Global Payment Solutions,HTSA-PCD-ADV,Jan-24,CHG8453859,-,8,github,https://ice.it.global.hsbc/ice/changes/CHG8697861,Software,184.370604,128,https://alm-github.systems.uk.hsbc,44966.6251,44839.64813,44991.60902,07-Feb-24,3:00:00 TT,12-Feb-24,15:00:00 TT,11-Feb-24,5:8:47 TT,1,1,1 DOME Omni Collect US
CIB & HBEU Technology,Wholesale Technology,WS Global Payment Solutions,HTSA-PAYMENTS-API,Jan-24,CHG4572275,-,8,github,https://ice.it.global.hsbc/ice/changes/CHG5614717,Software,457.299569,150,https://alm-github.systems.uk.hsbc,44897.50726,45197.96145,45089.72107,17-Jan-24,18:00:00 TT,22-Jan-24,7:00:00 TT,21-Jan-24,1:31:12 TT,1,1,1 POL SOUL
CIB & HBEU Technology,Wholesale Technology,WS Global Payment Solutions,HTSA-PCD-ADV,Jan-24,CHG7075166,-,8,github,https://ice.it.global.hsbc/ice/changes/CHG1576634,Software,82.748058,236,https://alm-github.systems.uk.hsbc,44939.28107,44964.83698,45207.89235,10-Jan-24,5:00:00 TT,15-Jan-24,16:00:00 TT,11-Jan-24,21:37:3 TT,1,1,1 (DELETED) PGLCM Receivables -
CIB & HBEU Technology,Wholesale Technology,WS Global Payment Solutions,HTSA-PCD-DCMS,Jan-24,CHG2853978,-,8,github,https://ice.it.global.hsbc/ice/changes/CHG2430220,Software,167.457117,376,https://alm-github.systems.uk.hsbc,44792.78923,44835.77469,45194.26231,14-Feb-24,9:00:00 TT,19-Feb-24,23:00:00 TT,19-Feb-24,13:11:21 TT,1,1,1 (DELETED) PGLCM Receivables -
CIB & HBEU Technology,Wholesale Technology,WS Global Payment Solutions,HTSA-PCD-DCMS,Jan-24,CHG3353703,-,8,github,https://ice.it.global.hsbc/ice/changes/CHG8190929,Software,352.239861,211,https://alm-github.systems.uk.hsbc,44734.91259,45191.60985,44967.79797,17-Feb-24,7:00:00 TT,22-Feb-24,13:00:00 TT,20-Feb-24,19:7:52 TT,1,1,1 POL SOUL
CIB & HBEU Technology,Wholesale Technology,WS Global Payment Solutions,HTSA-PAYMENTS-API,Jan-24,CHG6963518,-,8,github,https://ice.it.global.hsbc/ice/changes/CHG5708687,Software,415.071955,384,https://alm-github.systems.uk.hsbc,44857.00962,45031.44539,44823.97886,04-Jan-24,22:00:00 TT,09-Jan-24,12:00:00 TT,06-Jan-24,9:48:4 TT,1,1,1 (DELETED) PGLCM Receivables -
CIB & HBEU Technology,Wholesale Technology,WS Global Payment Solutions,HTSA-PAYMENTS-API,Jan-24,CHG6138549,-,8,github,https://ice.it.global.hsbc/ice/changes/CHG6873589,Software,335.281935,203,https://alm-github.systems.uk.hsbc,44886.08996,45286.23556,44768.68117,01-Mar-24,4:00:00 TT,06-Mar-24,8:00:00 TT,03-Mar-24,10:1:6 TT,1,1,1 DOME Omni Collect US
CIB & HBEU Technology,Wholesale Technology,WS Global Payment Solutions,HTSA-PAYMENTS-API,Jan-24,CHG4770686,-,8,github,https://ice.it.global.hsbc/ice/changes/CHG3972823,Software,378.263007,52,https://alm-github.systems.uk.hsbc,44957.13463,44727.90383,45038.13427,17-Feb-24,4:00:00 TT,22-Feb-24,18:00:00 TT,17-Feb-24,2:16:16 TT,1,1,1 POL SOUL
CIB & HBEU Technology,Wholesale Technology,WS Global Payment Solutions,HTSA-PCD-DCMS,Jan-24,CHG4361153,-,8,github,https://ice.it.global.hsbc/ice/changes/CHG8024157,Software,226.313329,287,https://alm-github.systems.uk.hsbc,44998.09351,44870.24296,45230.7927,16-Jan-24,7:00:00 TT,21-Jan-24,22:00:00 TT,19-Jan-24,12:39:1 TT,1,1,1 POL SOUL
CIB & HBEU Technology,Wholesale Technology,WS Global Payment Solutions,HTSA-PAYMENTS-API,Jan-24,CHG8479012,-,8,github,https://ice.it.global.hsbc/ice/changes/CHG9547862,Software,382.928197,345,https://alm-github.systems.uk.hsbc,45085.3445,45110.98185,44710.88586,25-Feb-24,3:00:00 TT,01-Mar-24,11:00:00 TT,26-Feb-24,20:37:34 TT,1,1,1 POL SOUL
CIB & HBEU Technology,Wholesale Technology,WS Global Payment Solutions,HTSA-PCD-ADV,Jan-24,CHG9737031,-,8,github,https://ice.it.global.hsbc/ice/changes/CHG5649259,Software,469.690532,388,https://alm-github.systems.uk.hsbc,44718.67665,45270.42671,44753.95685,03-Jan-24,1:00:00 TT,08-Jan-24,1:00:00 TT,03-Jan-24,4:43:15 TT,1,1,1 POL SOUL
CIB & HBEU Technology,Wholesale Technology,WS Global Payment Solutions,HTSA-PAYMENTS-API,Jan-24,CHG1881632,-,8,github,https://ice.it.global.hsbc/ice/changes/CHG4430390,Software,142.547527,317,https://alm-github.systems.uk.hsbc,45290.55758,45192.57045,44994.87475,20-Feb-24,6:00:00 TT,25-Feb-24,18:00:00 TT,25-Feb-24,4:54:22 TT,1,1,1 (DELETED) PGLCM Receivables -
CIB & HBEU Technology,Wholesale Technology,WS Global Payment Solutions,HTSA-PCD-DCMS,Jan-24,CHG7284112,-,8,github,https://ice.it.global.hsbc/ice/changes/CHG8882984,Software,429.499071,92,https://alm-github.systems.uk.hsbc,44803.46781,45004.87152,45057.89965,11-Feb-24,22:00:00 TT,16-Feb-24,13:00:00 TT,15-Feb-24,10:32:18 TT,1,1,1 (DELETED) PGLCM Receivables -
CIB & HBEU Technology,Wholesale Technology,WS Global Payment Solutions,HTSA-PAYMENTS-API,Jan-24,CHG5318519,-,8,github,https://ice.it.global.hsbc/ice/changes/CHG4337864,Software,393.870963,98,https://alm-github.systems.uk.hsbc,44901.76414,45100.41607,45252.9436,03-Feb-24,22:00:00 TT,08-Feb-24,16:00:00 TT,03-Feb-24,5:6:47 TT,1,1,1 DOME Omni Collect US
CIB & HBEU Technology,Wholesale Technology,WS Global Payment Solutions,HTSA-PCD-ADV,Jan-24,CHG6205725,-,8,github,https://ice.it.global.hsbc/ice/changes/CHG9101346,Software,342.800418,265,https://alm-github.systems.uk.hsbc,45024.6855,45232.00332,45294.75585,04-Jan-24,1:00:00 TT,09-Jan-24,16:00:00 TT,10-Jan-24,17:38:49 TT,1,1,1 POL SOUL
CIB & HBEU Technology,Wholesale Technology,WS Global Payment Solutions,HTSA-PCD-DCMS,Jan-24,CHG3680223,-,8,github,https://ice.it.global.hsbc/ice/changes/CHG2197423,Software,168.584439,369,https://alm-github.systems.uk.hsbc,45057.41432,45000.83799,44838.0814,07-Jan-24,7:00:00 TT,12-Jan-24,11:00:00 TT,07-Jan-24,12:18:30 TT,1,1,1 DOME Omni Collect US
CIB & HBEU Technology,Wholesale Technology,WS Global Payment Solutions,HTSA-PAYMENTS-API,Jan-24,CHG9167028,-,8,github,https://ice.it.global.hsbc/ice/changes/CHG3406937,Software,200.001774,102,https://alm-github.systems.uk.hsbc,44784.47405,45030.39947,45080.7577,15-Feb-24,8:00:00 TT,20-Feb-24,13:00:00 TT,16-Feb-24,22:35:0 TT,1,1,1 (DELETED) PGLCM Receivables -
CIB & HBEU Technology,Wholesale Technology,WS Global Payment Solutions,HTSA-PCD-DCMS,Jan-24,CHG6279551,-,8,github,https://ice.it.global.hsbc/ice/changes/CHG7033567,Software,268.617542,453,https://alm-github.systems.uk.hsbc,45025.06022,45185.91497,45292.33728,14-Jan-24,22:00:00 TT,19-Jan-24,17:00:00 TT,15-Jan-24,17:22:49 TT,1,1,1 DOME Omni Collect US
CIB & HBEU Technology,Wholesale Technology,WS Global Payment Solutions,HTSA-PAYMENTS-API,Jan-24,CHG6418960,-,8,github,https://ice.it.global.hsbc/ice/changes/CHG3748048,Software,201.389787,228,https://alm-github.systems.uk.hsbc,44874.99919,45218.45278,45104.81828,24-Feb-24,21:00:00 TT,29-Feb-24,6:00:00 TT,26-Feb-24,19:45:1 TT,1,1,1 POL SOUL
CIB & HBEU Technology,Wholesale Technology,WS Global Payment Solutions,HTSA-PCD-DCMS,Jan-24,CHG8935895,-,8,github,https://ice.it.global.hsbc/ice/changes/CHG6780767,Software,82.303817,473,https://alm-github.systems.uk.hsbc,44972.53968,45135.69562,44932.17682,16-Feb-24,2:00:00 TT,21-Feb-24,6:00:00 TT,18-Feb-24,5:55:39 TT,1,1,1 DOME Omni Collect US
CIB & HBEU Technology,Wholesale Technology,WS Global Payment Solutions,HTSA-PCD-DCMS,Jan-24,CHG1946029,-,8,github,https://ice.it.global.hsbc/ice/changes/CHG4098738,Software,168.956923,339,https://alm-github.systems.uk.hsbc,44819.96314,45109.98479,44934.21607,26-Feb-24,11:00:00 TT,02-Mar-24,14:00:00 TT,04-Mar-24,2:35:1 TT,1,1,1 POL SOUL
CIB & HBEU Technology,Wholesale Technology,WS Global Payment Solutions,HTSA-PCD-ADV,Jan-24,CHG8315606,-,8,github,https://ice.it.global.hsbc/ice/changes/CHG3433252,Software,163.977966,358,https://alm-github.systems.uk.hsbc,44980.88793,45172.5551,44810.09513,08-Jan-24,23:00:00 TT,13-Jan-24,16:00:00 TT,11-Jan-24,4:53:23 TT,1,1,1 POL SOUL
CIB & HBEU Technology,Wholesale Technology,WS Global Payment Solutions,HTSA-PCD-ADV,Jan-24,CHG9251464,-,8,github,https://ice.it.global.hsbc/ice/changes/CHG1000967,Software,179.585951,203,https://alm-github.systems.uk.hsbc,45129.21716,44983.5585,45215.41101,24-Feb-24,2:00:00 TT,29-Feb-24,10:00:00 TT,25-Feb-24,15:5:34 TT,1,1,1 POL SOUL
CIB & HBEU Technology,Wholesale Technology,WS Global Payment Solutions,HTSA-PCD-ADV,Jan-24,CHG6748505,-,8,github,https://ice.it.global.hsbc/ice/changes/CHG1668216,Software,313.117444,254,https://alm-github.systems.uk.hsbc,44842.83121,44736.63328,44744.12434,01-Mar-24,14:00:00 TT,06-Mar-24,20:00:00 TT,01-Mar-24,18:16:4 TT,1,1,1 POL SOUL
CIB & HBEU Technology,Wholesale Technology,WS Global Payment Solutions,HTSA-PAYMENTS-API,Jan-24,CHG4289665,-,8,github,https://ice.it.global.hsbc/ice/changes/CHG1459057,Software,70.797042,452,https://alm-github.systems.uk.hsbc,45022.7096,45174.47558,44730.02318,05-Feb-24,18:00:00 TT,10-Feb-24,7:00:00 TT,12-Feb-24,10:20:51 TT,1,1,1 POL SOUL
CIB & HBEU Technology,Wholesale Technology,WS Global Payment Solutions,HTSA-PCD-DCMS,Jan-24,CHG1649169,-,8,github,https://ice.it.global.hsbc/ice/changes/CHG5488208,Software,253.964041,308,https://alm-github.systems.uk.hsbc,45259.69302,44860.23882,44994.42345,11-Jan-24,10:00:00 TT,16-Jan-24,21:00:00 TT,12-Jan-24,0:29:31 TT,1,1,1 (DELETED) PGLCM Receivables -
CIB & HBEU Technology,Wholesale Technology,WS Global Payment Solutions,HTSA-PAYMENTS-API,Jan-24,CHG4170330,-,8,github,https://ice.it.global.hsbc/ice/changes/CHG1945413,Software,389.112539,179,https://alm-github.systems.uk.hsbc,44842.83022,44962.93222,45145.61907,25-Feb-24,17:00:00 TT,01-Mar-24,21:00:00 TT,29-Feb-24,18:32:31 TT,1,1,1 (DELETED) PGLCM Receivables -
CIB & HBEU Technology,Wholesale Technology,WS Global Payment Solutions,HTSA-PAYMENTS-API,Jan-24,CHG8886112,-,8,github,https://ice.it.global.hsbc/ice/changes/CHG9453340,Software,194.346172,227,https://alm-github.systems.uk.hsbc,45141.55161,45278.91246,45276.0457,08-Feb-24,15:00:00 TT,13-Feb-24,18:00:00 TT,13-Feb-24,2:55:30 TT,1,1,1 (DELETED) PGLCM Receivables -
CIB & HBEU Technology,Wholesale Technology,WS Global Payment Solutions,HTSA-PCD-DCMS,Jan-24,CHG2430931,-,8,github,https://ice.it.global.hsbc/ice/changes/CHG6485002,Software,161.02579,292,https://alm-github.systems.uk.hsbc,45256.70706,45126.60318,44736.83655,24-Jan-24,14:00:00 TT,29-Jan-24,14:00:00 TT,26-Jan-24,20:59:56 TT,1,1,1 DOME Omni Collect US
CIB & HBEU Technology,Wholesale Technology,WS Global Payment Solutions,HTSA-PCD-ADV,Jan-24,CHG4462365,-,8,github,https://ice.it.global.hsbc/ice/changes/CHG3258999,Software,251.160144,342,https://alm-github.systems.uk.hsbc,44919.28919,44863.35025,45015.2854,29-Jan-24,3:00:00 TT,03-Feb-24,13:00:00 TT,31-Jan-24,12:19:35 TT,1,1,1 POL SOUL
CIB & HBEU Technology,Wholesale Technology,WS Global Payment Solutions,HTSA-PCD-ADV,Jan-24,CHG2534430,-,8,github,https://ice.it.global.hsbc/ice/changes/CHG9064496,Software,243.570641,110,https://alm-github.systems.uk.hsbc,45011.95706,45134.70343,44849.28695,28-Jan-24,19:00:00 TT,02-Feb-24,0:00:00 TT,31-Jan-24,12:30:33 TT,1,1,1 (DELETED) PGLCM Receivables -
CIB & HBEU Technology,Wholesale Technology,WS Global Payment Solutions,HTSA-PAYMENTS-API,Jan-24,CHG7904138,-,8,github,https://ice.it.global.hsbc/ice/changes/CHG3147990,Software,381.103286,460,https://alm-github.systems.uk.hsbc,44778.46923,44761.81447,44851.05465,19-Jan-24,23:00:00 TT,24-Jan-24,22:00:00 TT,19-Jan-24,10:58:34 TT,1,1,1 POL SOUL
CIB & HBEU Technology,Wholesale Technology,WS Global Payment Solutions,HTSA-PAYMENTS-API,Jan-24,CHG7248213,-,8,github,https://ice.it.global.hsbc/ice/changes/CHG1520864,Software,250.054981,87,https://alm-github.systems.uk.hsbc,45162.39722,44772.71688,44959.89215,11-Jan-24,10:00:00 TT,16-Jan-24,2:00:00 TT,16-Jan-24,14:29:28 TT,1,1,1 POL SOUL
CIB & HBEU Technology,Wholesale Technology,WS Global Payment Solutions,HTSA-PCD-ADV,Jan-24,CHG2131939,-,8,github,https://ice.it.global.hsbc/ice/changes/CHG2958354,Software,482.877971,194,https://alm-github.systems.uk.hsbc,44883.75164,45278.64521,44818.40572,08-Jan-24,15:00:00 TT,13-Jan-24,17:00:00 TT,11-Jan-24,9:23:45 TT,1,1,1 (DELETED) PGLCM Receivables -
CIB & HBEU Technology,Wholesale Technology,WS Global Payment Solutions,HTSA-PCD-ADV,Jan-24,CHG8374188,-,8,github,https://ice.it.global.hsbc/ice/changes/CHG4961804,Software,387.109674,86,https://alm-github.systems.uk.hsbc,45001.40813,45041.14379,44820.31199,26-Jan-24,6:00:00 TT,31-Jan-24,17:00:00 TT,26-Jan-24,2:36:2 TT,1,1,1 DOME Omni Collect US
CIB & HBEU Technology,Wholesale Technology,WS Global Payment Solutions,HTSA-PAYMENTS-API,Jan-24,CHG1916395,-,8,github,https://ice.it.global.hsbc/ice/changes/CHG3082568,Software,114.736982,266,https://alm-github.systems.uk.hsbc,45162.93115,44806.59119,45110.95938,18-Jan-24,10:00:00 TT,23-Jan-24,22:00:00 TT,24-Jan-24,23:48:37 TT,1,1,1 (DELETED) PGLCM Receivables -
CIB & HBEU Technology,Wholesale Technology,WS Global Payment Solutions,HTSA-PCD-ADV,Jan-24,CHG6413156,-,8,github,https://ice.it.global.hsbc/ice/changes/CHG9786434,Software,442.103059,105,https://alm-github.systems.uk.hsbc,45184.61513,45198.28163,45207.25957,31-Jan-24,2:00:00 TT,05-Feb-24,8:00:00 TT,05-Feb-24,8:40:29 TT,1,1,1 POL SOUL
CIB & HBEU Technology,Wholesale Technology,WS Global Payment Solutions,HTSA-PCD-DCMS,Jan-24,CHG8195094,-,8,github,https://ice.it.global.hsbc/ice/changes/CHG8320582,Software,277.206002,255,https://alm-github.systems.uk.hsbc,44984.4353,45290.52189,44700.37632,05-Feb-24,23:00:00 TT,10-Feb-24,3:00:00 TT,06-Feb-24,1:35:21 TT,1,1,1 POL SOUL
CIB & HBEU Technology,Wholesale Technology,WS Global Payment Solutions,HTSA-PAYMENTS-API,Jan-24,CHG7931531,-,8,github,https://ice.it.global.hsbc/ice/changes/CHG3222600,Software,491.475844,454,https://alm-github.systems.uk.hsbc,44920.54862,44743.05599,45019.205,01-Jan-24,23:00:00 TT,06-Jan-24,2:00:00 TT,07-Jan-24,21:33:27 TT,1,1,1 POL SOUL
CIB & HBEU Technology,Wholesale Technology,WS Global Payment Solutions,HTSA-PCD-ADV,Jan-24,CHG9041851,-,8,github,https://ice.it.global.hsbc/ice/changes/CHG2367864,Software,139.585045,327,https://alm-github.systems.uk.hsbc,45103.76132,44896.14969,45077.00096,09-Jan-24,21:00:00 TT,14-Jan-24,21:00:00 TT,11-Jan-24,2:58:46 TT,1,1,1 DOME Omni Collect US
CIB & HBEU Technology,Wholesale Technology,WS Global Payment Solutions,HTSA-PAYMENTS-API,Jan-24,CHG6048089,-,8,github,https://ice.it.global.hsbc/ice/changes/CHG9946831,Software,221.567058,261,https://alm-github.systems.uk.hsbc,44946.59611,44938.35879,45106.63163,28-Feb-24,21:00:00 TT,04-Mar-24,4:00:00 TT,04-Mar-24,5:39:38 TT,1,1,1 (DELETED) PGLCM Receivables -
CIB & HBEU Technology,Wholesale Technology,WS Global Payment Solutions,HTSA-PCD-DCMS,Jan-24,CHG3698556,-,8,github,https://ice.it.global.hsbc/ice/changes/CHG3955272,Software,112.203007,181,https://alm-github.systems.uk.hsbc,44801.62805,45127.98219,45036.4139,01-Mar-24,21:00:00 TT,06-Mar-24,8:00:00 TT,06-Mar-24,2:43:47 TT,1,1,1 (DELETED) PGLCM Receivables -
CIB & HBEU Technology,Wholesale Technology,WS Global Payment Solutions,HTSA-PCD-ADV,Jan-24,CHG5576962,-,8,github,https://ice.it.global.hsbc/ice/changes/CHG2328735,Software,492.936378,375,https://alm-github.systems.uk.hsbc,45140.50803,45292.41462,44833.36868,13-Feb-24,14:00:00 TT,18-Feb-24,2:00:00 TT,14-Feb-24,5:20:53 TT,1,1,1 (DELETED) PGLCM Receivables -
CIB & HBEU Technology,Wholesale Technology,WS Global Payment Solutions,HTSA-PAYMENTS-API,Jan-24,CHG5665805,-,8,github,https://ice.it.global.hsbc/ice/changes/CHG8788644,Software,368.266408,328,https://alm-github.systems.uk.hsbc,45211.97818,44883.85823,44857.91362,16-Feb-24,8:00:00 TT,21-Feb-24,4:00:00 TT,16-Feb-24,16:38:34 TT,1,1,1 DOME Omni Collect US
CIB & HBEU Technology,Wholesale Technology,WS Global Payment Solutions,HTSA-PCD-ADV,Jan-24,CHG1065910,-,8,github,https://ice.it.global.hsbc/ice/changes/CHG5533546,Software,471.489221,206,https://alm-github.systems.uk.hsbc,45053.64298,44771.13274,44883.82822,17-Feb-24,20:00:00 TT,22-Feb-24,1:00:00 TT,20-Feb-24,23:40:3 TT,1,1,1 DOME Omni Collect US
CIB & HBEU Technology,Wholesale Technology,WS Global Payment Solutions,HTSA-PCD-DCMS,Jan-24,CHG5596044,-,8,github,https://ice.it.global.hsbc/ice/changes/CHG8163507,Software,394.930632,210,https://alm-github.systems.uk.hsbc,45258.00388,45244.42939,45012.90997,06-Feb-24,7:00:00 TT,11-Feb-24,10:00:00 TT,08-Feb-24,14:40:1 TT,1,1,1 POL SOUL
CIB & HBEU Technology,Wholesale Technology,WS Global Payment Solutions,HTSA-PAYMENTS-API,Jan-24,CHG9456123,-,8,github,https://ice.it.global.hsbc/ice/changes/CHG6283822,Software,479.574914,204,https://alm-github.systems.uk.hsbc,44899.99802,45049.61588,45019.24255,03-Jan-24,11:00:00 TT,08-Jan-24,1:00:00 TT,05-Jan-24,13:5:2 TT,1,1,1 (DELETED) PGLCM Receivables -
CIB & HBEU Technology,Wholesale Technology,WS Global Payment Solutions,HTSA-PCD-DCMS,Jan-24,CHG9789681,-,8,github,https://ice.it.global.hsbc/ice/changes/CHG3210203,Software,228.812453,234,https://alm-github.systems.uk.hsbc,45095.753,45142.52715,44752.10216,24-Jan-24,19:00:00 TT,29-Jan-24,11:00:00 TT,24-Jan-24,15:27:35 TT,1,1,1 POL SOUL
CIB & HBEU Technology,Wholesale Technology,WS Global Payment Solutions,HTSA-PCD-DCMS,Jan-24,CHG6026974,-,8,github,https://ice.it.global.hsbc/ice/changes/CHG2986670,Software,455.700259,339,https://alm-github.systems.uk.hsbc,44933.87908,45221.72913,44763.48487,19-Jan-24,7:00:00 TT,24-Jan-24,8:00:00 TT,24-Jan-24,10:43:45 TT,1,1,1 DOME Omni Collect US
CIB & HBEU Technology,Wholesale Technology,WS Global Payment Solutions,HTSA-PCD-DCMS,Jan-24,CHG4306281,-,8,github,https://ice.it.global.hsbc/ice/changes/CHG3696829,Software,191.387855,200,https://alm-github.systems.uk.hsbc,44994.95117,45284.74434,44968.36554,25-Jan-24,9:00:00 TT,30-Jan-24,5:00:00 TT,29-Jan-24,23:23:1 TT,1,1,1 POL SOUL
CIB & HBEU Technology,Wholesale Technology,WS Global Payment Solutions,HTSA-PCD-DCMS,Jan-24,CHG2647030,-,8,github,https://ice.it.global.hsbc/ice/changes/CHG3075127,Software,265.48748,67,https://alm-github.systems.uk.hsbc,44944.98287,45084.71656,44754.92474,28-Jan-24,2:00:00 TT,02-Feb-24,20:00:00 TT,03-Feb-24,7:30:41 TT,1,1,1 POL SOUL
CIB & HBEU Technology,Wholesale Technology,WS Global Payment Solutions,HTSA-PAYMENTS-API,Jan-24,CHG3748613,-,8,github,https://ice.it.global.hsbc/ice/changes/CHG2782599,Software,285.69946,100,https://alm-github.systems.uk.hsbc,44875.97308,45023.17131,45200.4721,24-Feb-24,11:00:00 TT,29-Feb-24,5:00:00 TT,25-Feb-24,4:9:22 TT,1,1,1 DOME Omni Collect US
CIB & HBEU Technology,Wholesale Technology,WS Global Payment Solutions,HTSA-PCD-ADV,Jan-24,CHG2558595,-,8,github,https://ice.it.global.hsbc/ice/changes/CHG6835274,Software,171.138794,477,https://alm-github.systems.uk.hsbc,44729.70437,44792.27681,45163.79895,29-Jan-24,22:00:00 TT,03-Feb-24,13:00:00 TT,31-Jan-24,12:10:41 TT,1,1,1 (DELETED) PGLCM Receivables -
CIB & HBEU Technology,Wholesale Technology,WS Global Payment Solutions,HTSA-PAYMENTS-API,Jan-24,CHG1382305,-,8,github,https://ice.it.global.hsbc/ice/changes/CHG5870550,Software,413.730716,58,https://alm-github.systems.uk.hsbc,44896.61392,44855.9459,45225.79045,02-Feb-24,9:00:00 TT,07-Feb-24,17:00:00 TT,05-Feb-24,20:7:20 TT,1,1,1 POL SOUL
CIB & HBEU Technology,Wholesale Technology,WS Global Payment Solutions,HTSA-PAYMENTS-API,Jan-24,CHG7554828,-,8,github,https://ice.it.global.hsbc/ice/changes/CHG9339715,Software,326.698978,452,https://alm-github.systems.uk.hsbc,45032.31486,45239.22426,45181.74455,20-Feb-24,6:00:00 TT,25-Feb-24,1:00:00 TT,25-Feb-24,2:8:37 TT,1,1,1 POL SOUL
CIB & HBEU Technology,Wholesale Technology,WS Global Payment Solutions,HTSA-PAYMENTS-API,Jan-24,CHG4706869,-,8,github,https://ice.it.global.hsbc/ice/changes/CHG8844974,Software,161.22962,289,https://alm-github.systems.uk.hsbc,44843.94822,45163.71815,44712.57183,23-Jan-24,0:00:00 TT,28-Jan-24,1:00:00 TT,28-Jan-24,19:25:41 TT,1,1,1 (DELETED) PGLCM Receivables -
CIB & HBEU Technology,Wholesale Technology,WS Global Payment Solutions,HTSA-PAYMENTS-API,Jan-24,CHG4554768,-,8,github,https://ice.it.global.hsbc/ice/changes/CHG7922851,Software,407.395213,397,https://alm-github.systems.uk.hsbc,44839.74951,44931.36789,44802.204,23-Feb-24,5:00:00 TT,28-Feb-24,13:00:00 TT,29-Feb-24,22:18:58 TT,1,1,1 POL SOUL
CIB & HBEU Technology,Wholesale Technology,WS Global Payment Solutions,HTSA-PAYMENTS-API,Jan-24,CHG7375793,-,8,github,https://ice.it.global.hsbc/ice/changes/CHG9326117,Software,254.610555,408,https://alm-github.systems.uk.hsbc,44899.1627,44988.38641,44708.92765,12-Feb-24,8:00:00 TT,17-Feb-24,1:00:00 TT,16-Feb-24,22:9:35 TT,1,1,1 DOME Omni Collect US
CIB & HBEU Technology,Wholesale Technology,WS Global Payment Solutions,HTSA-PAYMENTS-API,Jan-24,CHG8895073,-,8,github,https://ice.it.global.hsbc/ice/changes/CHG6367374,Software,79.119143,116,https://alm-github.systems.uk.hsbc,45114.64836,45142.39214,45047.92253,16-Jan-24,5:00:00 TT,21-Jan-24,15:00:00 TT,20-Jan-24,4:14:47 TT,1,1,1 POL SOUL
CIB & HBEU Technology,Wholesale Technology,WS Global Payment Solutions,HTSA-PCD-DCMS,Jan-24,CHG7523698,-,8,github,https://ice.it.global.hsbc/ice/changes/CHG7059487,Software,490.989608,85,https://alm-github.systems.uk.hsbc,45029.15553,44754.948,45040.89984,05-Feb-24,7:00:00 TT,10-Feb-24,2:00:00 TT,05-Feb-24,7:56:6 TT,1,1,1 DOME Omni Collect US
CIB & HBEU Technology,Wholesale Technology,WS Global Payment Solutions,HTSA-PCD-ADV,Jan-24,CHG9956992,-,8,github,https://ice.it.global.hsbc/ice/changes/CHG9799883,Software,182.469083,441,https://alm-github.systems.uk.hsbc,44954.68921,45033.52974,44733.72461,07-Jan-24,17:00:00 TT,12-Jan-24,14:00:00 TT,08-Jan-24,12:3:8 TT,1,1,1 DOME Omni Collect US
CIB & HBEU Technology,Wholesale Technology,WS Global Payment Solutions,HTSA-PCD-DCMS,Jan-24,CHG4115507,-,8,github,https://ice.it.global.hsbc/ice/changes/CHG9627689,Software,150.942985,224,https://alm-github.systems.uk.hsbc,45205.88075,45215.45347,44859.9464,16-Feb-24,4:00:00 TT,21-Feb-24,20:00:00 TT,21-Feb-24,10:3:11 TT,1,1,1 DOME Omni Collect US
CIB & HBEU Technology,Wholesale Technology,WS Global Payment Solutions,HTSA-PCD-ADV,Jan-24,CHG5813112,-,8,github,https://ice.it.global.hsbc/ice/changes/CHG3772874,Software,223.312159,393,https://alm-github.systems.uk.hsbc,45298.09393,44749.61698,45073.93602,15-Feb-24,16:00:00 TT,20-Feb-24,13:00:00 TT,22-Feb-24,18:43:55 TT,1,1,1 (DELETED) PGLCM Receivables -
CIB & HBEU Technology,Wholesale Technology,WS Global Payment Solutions,HTSA-PAYMENTS-API,Jan-24,CHG1465961,-,8,github,https://ice.it.global.hsbc/ice/changes/CHG6391797,Software,153.434088,254,https://alm-github.systems.uk.hsbc,44899.0314,44799.82395,45102.5223,01-Jan-24,7:00:00 TT,06-Jan-24,23:00:00 TT,05-Jan-24,18:29:32 TT,1,1,1 (DELETED) PGLCM Receivables -
CIB & HBEU Technology,Wholesale Technology,WS Global Payment Solutions,HTSA-PCD-ADV,Jan-24,CHG1267259,-,8,github,https://ice.it.global.hsbc/ice/changes/CHG2263419,Software,404.451421,217,https://alm-github.systems.uk.hsbc,45270.02164,45230.37744,45153.5284,28-Jan-24,2:00:00 TT,02-Feb-24,1:00:00 TT,29-Jan-24,8:50:53 TT,1,1,1 (DELETED) PGLCM Receivables -
CIB & HBEU Technology,Wholesale Technology,WS Global Payment Solutions,HTSA-PCD-DCMS,Jan-24,CHG6288929,-,8,github,https://ice.it.global.hsbc/ice/changes/CHG3656602,Software,330.431762,102,https://alm-github.systems.uk.hsbc,44970.57339,44855.06718,45044.83939,17-Jan-24,17:00:00 TT,22-Jan-24,3:00:00 TT,24-Jan-24,7:3:1 TT,1,1,1 (DELETED) PGLCM Receivables -
CIB & HBEU Technology,Wholesale Technology,WS Global Payment Solutions,HTSA-PCD-ADV,Jan-24,CHG9453250,-,8,github,https://ice.it.global.hsbc/ice/changes/CHG9528149,Software,116.588726,160,https://alm-github.systems.uk.hsbc,45028.88758,45076.50479,45035.68965,28-Jan-24,16:00:00 TT,02-Feb-24,21:00:00 TT,01-Feb-24,7:59:42 TT,1,1,1 (DELETED) PGLCM Receivables -
CIB & HBEU Technology,Wholesale Technology,WS Global Payment Solutions,HTSA-PCD-DCMS,Jan-24,CHG9964225,-,8,github,https://ice.it.global.hsbc/ice/changes/CHG7447183,Software,517.0833,159,https://alm-github.systems.uk.hsbc,45183.93035,44817.69853,45119.62656,24-Jan-24,11:00:00 TT,29-Jan-24,20:00:00 TT,25-Jan-24,14:59:56 TT,1,1,1 POL SOUL
CIB & HBEU Technology,Wholesale Technology,WS Global Payment Solutions,HTSA-PAYMENTS-API,Jan-24,CHG8653492,-,8,github,https://ice.it.global.hsbc/ice/changes/CHG7349228,Software,208.19254,299,https://alm-github.systems.uk.hsbc,44845.85318,45071.97813,45048.56216,25-Feb-24,5:00:00 TT,01-Mar-24,0:00:00 TT,27-Feb-24,16:10:6 TT,1,1,1 DOME Omni Collect US
CIB & HBEU Technology,Wholesale Technology,WS Global Payment Solutions,HTSA-PCD-DCMS,Jan-24,CHG1688870,-,8,github,https://ice.it.global.hsbc/ice/changes/CHG6222505,Software,333.760899,500,https://alm-github.systems.uk.hsbc,45262.16782,44979.70379,45146.83463,12-Jan-24,16:00:00 TT,17-Jan-24,4:00:00 TT,17-Jan-24,12:20:19 TT,1,1,1 POL SOUL
CIB & HBEU Technology,Wholesale Technology,WS Global Payment Solutions,HTSA-PAYMENTS-API,Jan-24,CHG5112605,-,8,github,https://ice.it.global.hsbc/ice/changes/CHG6598078,Software,357.176419,311,https://alm-github.systems.uk.hsbc,44724.19491,44897.28439,45209.93014,28-Feb-24,20:00:00 TT,04-Mar-24,17:00:00 TT,04-Mar-24,16:33:28 TT,1,1,1 (DELETED) PGLCM Receivables -
CIB & HBEU Technology,Wholesale Technology,WS Global Payment Solutions,HTSA-PCD-ADV,Jan-24,CHG4011692,-,8,github,https://ice.it.global.hsbc/ice/changes/CHG3057309,Software,57.800519,175,https://alm-github.systems.uk.hsbc,44709.91202,44798.84107,45190.86044,19-Feb-24,5:00:00 TT,24-Feb-24,13:00:00 TT,26-Feb-24,4:20:52 TT,1,1,1 (DELETED) PGLCM Receivables -
CIB & HBEU Technology,Wholesale Technology,WS Global Payment Solutions,HTSA-PCD-ADV,Jan-24,CHG2519252,-,8,github,https://ice.it.global.hsbc/ice/changes/CHG8473456,Software,53.804249,195,https://alm-github.systems.uk.hsbc,45139.63871,45052.53936,45007.79389,08-Jan-24,14:00:00 TT,13-Jan-24,19:00:00 TT,13-Jan-24,17:27:9 TT,1,1,1 (DELETED) PGLCM Receivables -
CIB & HBEU Technology,Wholesale Technology,WS Global Payment Solutions,HTSA-PCD-DCMS,Jan-24,CHG6544207,-,8,github,https://ice.it.global.hsbc/ice/changes/CHG3190640,Software,142.347984,88,https://alm-github.systems.uk.hsbc,45294.68621,45172.48535,45061.70691,27-Feb-24,13:00:00 TT,03-Mar-24,23:00:00 TT,28-Feb-24,10:49:51 TT,1,1,1 (DELETED) PGLCM Receivables -
CIB & HBEU Technology,Wholesale Technology,WS Global Payment Solutions,HTSA-PCD-ADV,Jan-24,CHG3195140,-,8,github,https://ice.it.global.hsbc/ice/changes/CHG7082692,Software,442.557474,433,https://alm-github.systems.uk.hsbc,45277.08526,45022.06481,44956.49705,09-Feb-24,12:00:00 TT,14-Feb-24,3:00:00 TT,13-Feb-24,20:34:13 TT,1,1,1 (DELETED) PGLCM Receivables -
CIB & HBEU Technology,Wholesale Technology,WS Global Payment Solutions,HTSA-PAYMENTS-API,Jan-24,CHG8712131,-,8,github,https://ice.it.global.hsbc/ice/changes/CHG6528830,Software,308.836337,40,https://alm-github.systems.uk.hsbc,45278.24267,44871.525,44939.59339,21-Jan-24,8:00:00 TT,26-Jan-24,14:00:00 TT,28-Jan-24,3:18:4 TT,1,1,1 POL SOUL
CIB & HBEU Technology,Wholesale Technology,WS Global Payment Solutions,HTSA-PCD-DCMS,Jan-24,CHG7273403,-,8,github,https://ice.it.global.hsbc/ice/changes/CHG8836005,Software,138.020596,156,https://alm-github.systems.uk.hsbc,44997.89848,44851.17888,44876.82907,06-Feb-24,10:00:00 TT,11-Feb-24,0:00:00 TT,06-Feb-24,22:31:58 TT,1,1,1 POL SOUL
CIB & HBEU Technology,Wholesale Technology,WS Global Payment Solutions,HTSA-PCD-DCMS,Jan-24,CHG5945884,-,8,github,https://ice.it.global.hsbc/ice/changes/CHG7988008,Software,249.499583,171,https://alm-github.systems.uk.hsbc,45290.16403,45111.91455,44913.70145,24-Jan-24,9:00:00 TT,29-Jan-24,3:00:00 TT,28-Jan-24,14:33:35 TT,1,1,1 POL SOUL
CIB & HBEU Technology,Wholesale Technology,WS Global Payment Solutions,HTSA-PCD-ADV,Jan-24,CHG1736353,-,8,github,https://ice.it.global.hsbc/ice/changes/CHG1542755,Software,146.173649,119,https://alm-github.systems.uk.hsbc,45214.15077,45231.6176,45060.6242,22-Jan-24,14:00:00 TT,27-Jan-24,12:00:00 TT,26-Jan-24,0:41:47 TT,1,1,1 POL SOUL
CIB & HBEU Technology,Wholesale Technology,WS Global Payment Solutions,HTSA-PCD-ADV,Jan-24,CHG1121673,-,8,github,https://ice.it.global.hsbc/ice/changes/CHG7375308,Software,370.666263,449,https://alm-github.systems.uk.hsbc,44957.00076,44978.11456,44864.57321,07-Feb-24,15:00:00 TT,12-Feb-24,16:00:00 TT,12-Feb-24,4:40:35 TT,1,1,1 POL SOUL
CIB & HBEU Technology,Wholesale Technology,WS Global Payment Solutions,HTSA-PCD-ADV,Jan-24,CHG9030670,-,8,github,https://ice.it.global.hsbc/ice/changes/CHG8476600,Software,421.187887,479,https://alm-github.systems.uk.hsbc,44970.76252,44752.04523,45122.70973,01-Feb-24,15:00:00 TT,06-Feb-24,5:00:00 TT,04-Feb-24,23:35:3 TT,1,1,1 DOME Omni Collect US
CIB & HBEU Technology,Wholesale Technology,WS Global Payment Solutions,HTSA-PCD-DCMS,Jan-24,CHG1661003,-,8,github,https://ice.it.global.hsbc/ice/changes/CHG3019514,Software,275.052498,224,https://alm-github.systems.uk.hsbc,44861.99726,45269.75876,45131.04341,27-Feb-24,23:00:00 TT,03-Mar-24,1:00:00 TT,28-Feb-24,8:58:34 TT,1,1,1 POL SOUL
CIB & HBEU Technology,Wholesale Technology,WS Global Payment Solutions,HTSA-PCD-ADV,Jan-24,CHG7951537,-,8,github,https://ice.it.global.hsbc/ice/changes/CHG6976421,Software,394.542114,306,https://alm-github.systems.uk.hsbc,44899.61524,44786.86107,44707.14844,13-Jan-24,8:00:00 TT,18-Jan-24,18:00:00 TT,19-Jan-24,23:43:10 TT,1,1,1 (DELETED) PGLCM Receivables -
CIB & HBEU Technology,Wholesale Technology,WS Global Payment Solutions,HTSA-PCD-ADV,Jan-24,CHG6797837,-,8,github,https://ice.it.global.hsbc/ice/changes/CHG5620373,Software,123.733774,82,https://alm-github.systems.uk.hsbc,44824.83263,44952.73997,45094.60628,25-Feb-24,8:00:00 TT,01-Mar-24,19:00:00 TT,28-Feb-24,7:15:52 TT,1,1,1 POL SOUL
CIB & HBEU Technology,Wholesale Technology,WS Global Payment Solutions,HTSA-PAYMENTS-API,Jan-24,CHG2041872,-,8,github,https://ice.it.global.hsbc/ice/changes/CHG7878577,Software,479.718234,152,https://alm-github.systems.uk.hsbc,45276.16421,45003.24592,45217.86889,10-Jan-24,14:00:00 TT,15-Jan-24,16:00:00 TT,11-Jan-24,13:44:36 TT,1,1,1 DOME Omni Collect US
CIB & HBEU Technology,Wholesale Technology,WS Global Payment Solutions,HTSA-PCD-DCMS,Jan-24,CHG3321528,-,8,github,https://ice.it.global.hsbc/ice/changes/CHG7572920,Software,464.40056,129,https://alm-github.systems.uk.hsbc,44766.48802,44788.03989,45261.47764,29-Feb-24,3:00:00 TT,05-Mar-24,4:00:00 TT,06-Mar-24,16:29:43 TT,1,1,1 DOME Omni Collect US
CIB & HBEU Technology,Wholesale Technology,WS Global Payment Solutions,HTSA-PCD-DCMS,Jan-24,CHG5241875,-,8,github,https://ice.it.global.hsbc/ice/changes/CHG1507354,Software,418.663233,46,https://alm-github.systems.uk.hsbc,44811.19536,45257.47317,44856.52952,29-Feb-24,17:00:00 TT,05-Mar-24,5:00:00 TT,01-Mar-24,7:9:39 TT,1,1,1 DOME Omni Collect US
CIB & HBEU Technology,Wholesale Technology,WS Global Payment Solutions,HTSA-PCD-DCMS,Jan-24,CHG5401196,-,8,github,https://ice.it.global.hsbc/ice/changes/CHG2448149,Software,283.517455,386,https://alm-github.systems.uk.hsbc,44850.97148,45261.43537,44870.17638,15-Feb-24,22:00:00 TT,20-Feb-24,1:00:00 TT,17-Feb-24,16:13:46 TT,1,1,1 POL SOUL
